,Pclass,Age,SibSp,Parch,Fare,Survived,Sex
0,3,39.33201736053347,1,0,33.60886330907649,0,male
1,2,16.25172812237579,2,0,53.66678587726215,1,female
2,3,9.807812102168242,0,0,10.646586961854698,0,male
3,3,29.182242585978447,0,0,46.7939273099519,0,female
4,1,31.17573404640236,0,0,88.2628377530114,1,male
5,3,20.290913695988067,0,0,36.27697577535757,1,female
6,3,41.63444600735164,0,2,45.81401995307937,0,female
7,3,11.209547670807304,0,0,34.2372529153762,1,male
8,1,24.302787517184175,0,1,82.2077375429388,1,female
9,3,21.81176211093799,0,3,42.21938033087692,0,female
10,2,29.34777821524925,1,1,50.31174382914714,0,female
11,3,33.90409998506134,0,0,45.92435592431984,0,male
12,3,15.889498705270373,1,1,43.055335727283634,0,male
13,3,40.139957484387196,0,0,23.066119160241833,0,female
14,2,30.882033156685797,0,0,32.52221196038306,0,male
15,1,3.5127524536332544,0,1,90.4681474811851,1,female
16,3,2.5797198344415655,0,0,23.274102945253507,0,male
17,1,29.827529898989642,0,0,81.87907182023334,1,female
18,3,26.906457550991043,0,0,46.26073320051924,0,male
19,3,28.55211840995513,1,1,40.44980374002057,0,male
20,3,29.608245608576947,0,0,42.90643409085794,1,female
21,2,,1,0,51.43755606911367,0,female
22,3,43.2670945378762,0,1,49.93492402477212,1,female
23,3,14.444531387154186,1,0,37.789884286883705,0,female
24,3,13.592397699388872,0,0,26.438780931915005,0,male
25,1,14.693465989576644,0,0,87.09203557703857,0,male
26,3,34.0448333403619,0,2,24.74141114723855,0,male
27,1,47.42926330105024,2,0,107.8906123739654,1,male
28,1,23.961247864646854,0,0,85.05330089748804,1,male
29,3,,0,0,44.977220336910065,1,female
30,3,6.144099923454743,0,1,21.984923602234332,0,male
31,3,18.337485880855837,1,0,26.031968556569495,0,male
32,2,22.191795575066994,0,0,34.03356756346155,0,male
33,2,24.282559218433832,0,3,54.64476526408379,0,male
34,3,30.540135721732838,0,0,31.77555344027256,0,male
35,1,25.63555136848574,2,0,96.13003815142342,1,female
36,1,44.690754547607696,0,0,78.59105963905893,0,male
37,3,20.535757720460836,0,1,22.61426016688905,1,male
38,1,17.9275485673424,3,0,102.30126108133612,0,female
39,3,36.70425753928646,0,0,28.44761106085084,0,male
40,2,8.50101102103433,0,0,43.79029571428905,1,female
41,3,35.45568387448003,0,0,44.36173513689155,0,male
42,3,31.435744572167735,0,1,33.72342292694996,0,male
43,2,27.935805141145657,0,0,54.35071424258725,0,male
44,3,52.23586550008967,0,0,38.236029030218546,1,female
45,3,21.28909576587395,1,1,38.818241301937014,0,male
46,2,58.8441743873371,1,0,52.38281802804989,0,male
47,2,26.843959710806608,0,0,30.44561548047601,0,male
48,3,12.121769770416805,0,0,47.911638582340494,0,female
49,1,30.978874133927555,0,0,91.5656022638298,0,female
50,1,,2,0,96.21123083639428,0,male
51,1,19.475418130610997,0,0,84.90508293989917,1,female
52,3,35.55846620021688,0,0,38.681681544061085,0,female
53,3,37.778149241101744,0,0,33.398570173445094,0,female
54,3,21.289652196440386,0,0,39.748102358239876,0,male
55,3,43.82367203064961,0,0,35.731492250869515,0,male
56,3,,1,0,48.53386117195816,1,female
57,3,50.10822459188607,0,1,48.0483735322894,0,male
58,1,,2,0,102.86249853015619,1,male
59,1,49.08800196919978,0,1,96.48594058447026,0,male
60,3,3.6688220083631933,1,0,19.843171191621444,0,male
61,3,25.549308319201522,1,1,39.93362995841343,1,female
62,3,17.861926411472034,4,0,37.314850540296646,0,male
63,3,31.669162055783488,0,0,45.23731052404058,0,female
64,3,21.99971093124568,0,0,31.33183884035393,0,male
65,3,27.673790212703747,0,0,19.69363572952747,0,male
66,3,56.35044832285669,0,0,33.609280211005355,0,male
67,2,27.623922850114702,0,0,40.190689741766974,0,female
68,1,35.793092440662996,4,1,103.94371196154137,1,male
69,2,26.748229381060707,4,0,46.769254375261625,0,male
70,1,31.05998603139567,0,1,99.88961785178626,1,female
71,2,30.084233526105,0,1,50.53633603718834,1,male
72,3,36.276536923624235,1,1,54.371735151985355,0,male
73,1,46.31430549766048,2,0,101.7301321406278,0,male
74,1,,0,0,92.57621334838697,1,female
75,2,34.334681146728336,0,0,51.69476291820514,0,male
76,2,38.25365640449843,1,0,38.55673741311333,0,male
77,3,13.887896871402063,0,2,27.050070367928292,0,male
78,3,28.76972560618131,0,0,33.64726576419474,0,male
79,3,43.16405250837025,4,0,31.875277240938786,0,male
80,3,42.123560937840146,4,0,48.68791452787163,1,male
81,2,32.9625362591307,2,2,50.78227410192224,0,male
82,3,42.409515433951334,1,0,37.83855042298548,0,male
83,1,36.87073392591346,0,0,84.90871922450891,1,female
84,1,46.8042876156305,0,1,93.41462824198608,0,male
85,1,34.05102819739955,0,3,94.26227361894905,1,male
86,3,25.020223582005514,0,0,49.62262753901814,0,female
87,3,34.70177759706233,0,1,42.925809579039,0,female
88,1,0.42,0,1,84.91385756030827,1,female
89,3,35.36040030939069,0,0,29.995639866457008,0,male
90,1,0.42,1,0,73.30910882386615,1,male
91,3,5.871512296324148,0,0,30.79649154875881,0,male
92,2,36.32476041317378,0,0,50.16751603249825,1,male
93,2,36.68541072173513,0,0,65.2563799018028,0,male
94,2,13.725997078040972,0,0,37.08421163687091,0,male
95,3,20.030571413694858,1,0,31.52889578931943,0,male
96,2,49.18757384059785,0,0,42.77206788058395,0,male
97,1,23.223578157982534,0,0,85.18044633274718,1,male
98,1,61.40088437364179,1,0,96.26365693188318,0,male
99,3,,0,0,38.73563621956825,0,female
100,3,35.71250647633774,0,0,48.714149973101584,0,female
101,3,52.6362415789805,0,0,29.626266873475526,1,male
102,2,31.834379626707875,0,0,52.66454932713188,1,male
103,3,15.967184270328783,0,0,33.36972713634464,0,male
104,3,28.46381567627994,0,2,36.83999965891709,0,male
105,3,29.501449693338728,0,0,36.57239099461031,0,female
106,2,10.893616869178086,0,1,64.04738460022767,0,male
107,2,26.418351001228473,0,0,37.42668344424764,0,male
108,1,19.609310684035886,0,0,85.3248620183527,1,male
109,3,42.94100860062407,1,3,40.10606539482322,0,male
110,3,30.48456623859358,0,1,48.524317591426154,0,male
111,1,26.04085951193402,0,0,91.00073955718373,1,male
112,2,28.513452971283932,0,0,46.85021891496344,0,female
113,3,33.123708257686324,0,0,35.73598285276944,0,male
114,1,38.63539879565692,0,0,87.85687558956097,1,male
115,3,16.00402879862866,1,1,31.93427289066306,0,male
116,3,,2,3,52.04464637598738,0,male
117,3,45.46550901563542,0,0,36.600936147847264,0,male
118,2,24.22728378913377,0,0,45.35968227945768,0,male
119,3,10.16421070364376,2,0,43.8559405822746,1,female
120,3,36.21337793136347,0,0,35.5471092971684,0,male
121,3,36.487177284457616,0,0,33.974844551274984,0,male
122,1,8.569986398406108,0,0,81.75824462396106,0,male
123,2,33.21274401649049,0,0,39.853784274573066,1,male
124,1,40.298163293997234,1,0,103.59485442019952,0,male
125,3,35.241410323887685,0,0,31.54951866846145,0,female
126,2,38.847740772659535,3,0,61.24825086693689,0,male
127,1,10.340232626729513,0,1,81.98910895559797,1,male
128,1,34.63456216994674,0,0,107.2715624810864,1,female
129,3,25.763323367413747,0,0,23.303304873988004,0,male
130,1,23.240937777854974,0,0,77.6040345725956,0,male
131,3,42.18777853187617,0,0,25.23628894035349,0,male
132,3,50.70984314943922,0,0,44.86086354668743,0,female
133,2,55.121180764405025,0,0,37.28377183811162,0,male
134,3,48.407310201082666,1,0,42.09953523876694,0,female
135,1,28.463721457177428,0,2,81.05063163574235,1,female
136,3,34.9380822823688,0,0,41.830749842046714,0,female
137,3,40.73552020497941,0,0,36.77527582736348,1,female
138,3,31.69649129019247,0,0,27.51668640874071,1,female
139,1,31.83069863076162,1,2,111.45948001840672,1,female
140,3,41.53254384626655,1,3,43.43521305652714,0,female
141,3,29.170042955636948,1,0,49.41772263023794,0,female
142,3,19.78998289076874,0,0,32.02683750837955,1,female
143,3,24.197377078297983,0,0,51.10884425157477,0,female
144,3,38.87474528827239,0,1,41.4942827713167,0,male
145,2,30.041906076799382,0,0,36.44190294452768,0,male
146,2,34.76293967615673,0,0,37.87778053374106,0,male
147,3,39.38110939083066,0,0,45.418034717085746,0,female
148,2,24.752219519433467,0,0,41.61380788223368,0,male
149,1,40.58747429081728,0,1,95.73338108745166,0,female
150,3,35.30379644841752,0,0,50.14014702810608,0,female
151,3,12.712616783239298,1,0,34.58404819719291,1,female
152,1,50.19226707660742,2,0,96.25919023889475,0,male
153,3,22.989573587403175,0,0,45.75212505399559,0,female
154,1,6.828665195407428,2,0,103.49723968639591,1,female
155,3,15.369388065791767,0,0,35.69517353637005,0,female
156,2,15.705367750503493,2,1,59.044558115754256,0,female
157,3,30.730426461205468,3,0,29.36570693568003,0,male
158,3,26.16609292235268,0,0,22.141620663698003,0,male
159,3,25.2843524530317,1,0,37.00619334721929,0,male
160,1,38.67582751675471,3,0,104.69831661597533,1,female
161,3,34.758255056697855,2,0,40.47982155370116,0,male
162,1,,3,0,113.47772940542549,1,female
163,1,35.7375984026017,0,0,83.86205488789206,1,female
164,3,38.62588535203133,0,1,33.57110705161017,0,male
165,2,0.4886532151157965,1,0,45.58298568955711,0,male
166,3,24.89786446829754,0,0,24.76806683631517,0,male
167,3,0.42,0,0,46.181483578086,0,female
168,2,,0,1,54.84442025918055,0,male
169,3,29.935138388859166,0,0,33.47800404170559,0,male
170,2,44.63745184705552,0,0,69.04947201168702,1,female
171,3,46.62688149809569,1,2,31.669536654499886,0,male
172,2,32.838850675533145,0,0,52.86401735248452,1,female
173,3,22.9949449164434,1,0,37.04660415560567,0,male
174,1,36.79225557564033,1,0,82.20239796199468,1,male
175,1,22.60915307745961,0,0,85.79708929616076,0,male
176,2,29.980502879793114,0,0,35.644415481665945,0,male
177,3,,0,0,38.76201147847831,0,male
178,3,22.191201156148068,3,0,58.45802498512013,1,female
179,3,41.279500949395015,1,0,39.037259018102546,0,male
180,3,39.48361916169223,0,0,17.76682702040093,0,male
181,3,16.6329145601685,0,0,21.42725568136367,0,male
182,3,,0,0,37.7295243616285,0,male
183,2,39.77992883520107,0,0,54.13657847337909,1,female
184,3,,2,2,23.828690088609346,0,male
185,3,19.32747158761287,1,0,51.50843047575452,0,female
186,2,17.97111573994202,0,0,43.78891941102196,0,male
187,1,22.472723923357684,1,0,80.8183112765033,0,male
188,3,37.59632248608744,0,0,40.26575982011309,0,male
189,2,16.62124765638043,1,0,41.072867045201875,0,male
190,3,36.125171480678176,0,0,34.57782544793467,0,female
191,2,12.615422595702505,0,0,44.759134597467664,1,male
192,1,27.143039817856113,2,0,106.31976364661678,1,male
193,3,31.53506856403612,0,0,52.38562437505517,0,female
194,1,64.23182203082483,1,0,96.51246529585657,0,male
195,1,10.717580822714858,4,0,109.30672239420979,1,female
196,3,50.60820393086187,0,0,48.58988871297455,1,female
197,3,32.09779379582192,0,0,29.42546633308516,0,female
198,1,35.756406852223485,0,0,98.51664772504938,1,female
199,2,31.656870787434862,0,0,46.875942872967,0,female
200,3,36.226175454733266,0,0,34.6484175192493,0,male
201,3,27.84840853893175,0,0,37.02418692664773,0,female
202,3,50.35670254040441,1,0,42.22983866464104,0,male
203,1,23.609403980853887,0,2,98.48623831717975,1,female
204,1,45.85128401050947,0,0,70.29345043500601,0,female
205,1,20.978860317017677,1,0,88.5779627411941,0,male
206,1,29.15647415038198,0,0,97.5106947409514,0,female
207,3,14.99252426793693,1,3,53.48297209356484,0,female
208,1,36.37033208486528,0,0,84.63486224306116,1,male
209,3,50.23176339697147,3,0,59.33872471165564,0,male
210,3,28.917013482508043,0,3,50.495203722016164,0,female
211,3,27.243600218145268,0,0,42.254593100933306,0,female
212,1,14.395362517049024,2,2,104.5152395299619,0,male
213,3,26.789902850267687,0,0,33.58589609177961,0,male
214,3,7.700880363898612,0,0,28.637656693937835,1,female
215,3,17.21970818593642,0,0,9.742923584320152,0,male
216,1,33.1750046455279,1,0,85.15928348068454,0,male
217,1,48.46618476837955,0,2,99.35749192230585,0,male
218,3,69.32895205721304,0,0,34.24123882390617,0,male
219,2,21.78780880900739,0,3,58.677598299604945,0,male
220,2,50.09420219303616,0,0,56.70395573631761,0,female
221,3,33.41253472562307,0,0,49.98307543760761,0,female
222,3,27.88253294555074,0,2,42.48731295153399,1,female
223,3,36.05632232416613,0,0,35.81603362783309,0,male
224,2,30.866830771519428,0,2,54.67710513201079,0,male
225,3,31.545540158571058,0,0,43.411312671501875,0,male
226,1,24.28333572042663,0,0,69.98940190738978,0,male
227,3,10.426464762816089,0,0,24.56337018466382,1,male
228,3,8.389247164690858,0,0,34.713182584478325,0,male
229,1,,0,0,98.23898609311976,0,male
230,1,26.126198738800014,0,0,85.83950191195665,0,male
231,2,21.654755404813667,0,0,48.90657999535016,1,female
232,3,30.11907877412415,0,0,37.24147543218085,0,male
233,3,,1,1,54.78564579964295,1,female
234,3,32.52509520236958,0,0,36.66813751768365,0,female
235,3,20.81523088702646,0,0,32.43140979714101,0,male
236,3,47.1681013790853,0,3,52.18609997282522,0,male
237,3,52.10859704174285,0,0,49.60662816912371,0,male
238,1,36.92379317451994,0,0,91.47940865006034,0,male
239,1,43.63128915881726,0,0,86.89780454714733,0,male
240,3,47.387439955393354,0,0,33.34218125167241,0,male
241,3,45.82139042966319,0,0,37.99904768866513,0,male
242,1,38.59738847957673,1,0,88.86422553210092,1,male
243,3,38.37685865904836,2,0,49.940319457703026,0,female
244,3,37.27524802685104,0,0,31.794943754447324,0,female
245,3,14.63727255634139,0,0,47.23871512204715,1,female
246,3,39.8101241960342,1,0,27.516707478882367,0,male
247,2,,0,0,38.19589657701014,0,male
248,2,18.87560762824923,1,0,47.612087231051895,0,male
249,2,48.249910949313225,0,1,74.16538168150609,1,female
250,3,41.763082277718766,2,0,37.54966512950586,0,male
251,3,50.823576055602075,4,0,44.962076563323805,0,male
252,3,26.196558628377907,0,0,26.189615122253002,0,male
253,2,13.868516222125255,0,0,63.35145477420929,1,female
254,1,26.6338792410152,0,0,61.49630593810411,1,male
255,3,31.42843816136804,0,0,23.359028293683178,0,male
256,3,31.105842028760136,0,3,62.1828526442571,0,male
257,1,45.871526702593826,4,0,107.60778559332216,1,male
258,1,24.94221404995176,0,1,77.893452512779,0,male
259,3,34.92848260524094,0,0,31.570595200054637,1,male
260,1,16.159219907915514,1,0,86.96351951473022,0,male
261,3,36.30444189261338,0,0,46.88133491780352,0,female
262,2,30.043519702598914,0,0,59.222543977970346,0,male
263,1,19.502613264016755,3,1,109.03380543983624,1,female
264,3,26.69838892955206,0,2,32.35311858199579,0,male
265,1,27.421539548786896,0,1,101.40990646910366,1,female
266,2,26.217828189280652,0,0,46.34665265348921,1,female
267,1,54.79877739174757,2,1,98.9531166408499,1,female
268,1,28.621755967689687,0,0,70.21399241950189,1,male
269,1,26.585454457517272,0,2,85.46679101262438,1,female
270,1,0.6356865934580185,0,0,72.92379174002453,1,male
271,1,17.48109707228732,0,0,81.19984641923614,0,female
272,1,26.31697205761106,2,0,102.45343802763941,1,female
273,3,20.398062533527,0,0,20.131161440103437,0,male
274,3,49.34390630728916,3,0,20.91892219656209,0,male
275,2,27.690871144452938,0,2,41.80233647495221,0,male
276,2,48.03821949045553,0,1,46.430855741796975,0,male
277,3,30.86386487670515,1,2,36.45265049519672,0,male
278,3,30.521189709902075,0,0,43.40104255762545,0,male
279,3,,0,0,26.071853652157216,0,male
280,1,30.053147522700428,1,0,95.55535983399864,0,male
281,1,54.063130042698035,0,0,95.9576087089578,1,female
282,1,0.42,0,0,79.72456219461921,1,male
283,2,1.9783595778584981,3,0,53.61371162589448,1,female
284,3,22.395608365214407,0,0,29.555746708802694,0,male
285,2,30.203390347125964,0,0,38.40973953688956,0,male
286,1,39.66146194669617,0,0,87.309413806041,0,male
287,2,36.623220772384656,0,0,51.60348605486819,1,female
288,3,24.620557219672015,0,0,22.80272678408467,0,male
289,1,44.266611705384676,1,2,112.57514647341246,1,female
290,3,,0,0,36.744800853458806,0,male
291,1,32.576809637801915,0,1,84.3020195725323,0,male
292,3,43.47720601481578,0,0,34.35219194517151,0,male
293,1,33.817033688049804,0,0,84.40197488119176,1,male
294,3,22.139237625039627,0,0,23.04682481231642,0,male
295,3,39.76943574600006,1,1,40.19605186073599,0,male
296,3,31.548583716101486,0,0,26.430860185622894,0,male
297,3,30.018757854562818,0,0,23.610009659890295,0,male
298,3,50.62135001065404,1,0,25.277730526132572,0,male
299,3,0.42,0,0,31.860807838357623,0,female
300,3,10.152421617766024,0,0,32.72529518600136,0,male
301,1,13.38101403075882,2,0,84.44987727758294,0,male
302,3,24.914350934036722,0,0,58.56948884403593,1,female
303,3,26.43548562327558,0,0,37.71747473937986,0,male
304,3,8.897440931177336,0,0,38.435923867627096,0,male
305,3,16.20778754764843,0,0,43.459778895404,0,female
306,2,17.948216500670018,0,1,68.51515227460908,1,female
307,3,64.40393728906248,1,1,45.031241392245704,1,female
308,2,55.22438726846005,0,0,27.797759005000035,0,male
309,1,24.23550815241491,1,0,92.06632135603917,1,female
310,3,24.909833935704814,2,0,42.86889036140269,0,male
311,2,13.911144039363883,0,0,51.29880737988841,1,female
312,1,3.286174214846266,1,0,94.69670701996921,1,female
313,2,28.363677390280664,1,0,66.82183162990108,1,female
314,2,16.030072234583642,4,2,67.46097143088755,0,male
315,2,28.812092556731862,0,0,50.71311730423795,0,male
316,2,7.597118113391318,0,1,44.62306578218662,1,female
317,3,19.33235758365639,0,0,20.80337079048683,0,male
318,2,32.08077933423963,0,0,57.72502828433185,0,male
319,3,35.12693436897512,0,0,40.74291910318947,0,female
320,3,35.8446074223882,0,0,27.05752431245582,1,male
321,3,11.513154221801479,0,1,26.422483851559942,0,male
322,2,41.965600221897866,2,0,49.10185506017862,1,male
323,3,,0,0,23.814549935436048,1,male
324,3,38.86001080450229,0,0,22.230485866512737,0,male
325,3,29.851058527345295,0,0,19.140962228004394,0,male
326,3,10.73057501290873,0,0,34.71621789736763,0,female
327,3,25.573232135863368,0,1,36.75924452448298,0,female
328,3,35.11509238889275,0,1,43.79120480854694,0,male
329,2,38.581515326644386,0,0,48.131840525131985,1,male
330,3,28.02616943577814,0,0,40.99313352265725,0,female
331,1,,0,0,89.77177240982661,0,female
332,3,,0,2,46.314211959498635,0,female
333,3,,0,0,33.51570185127871,0,male
334,1,40.501705369917225,0,0,99.804821723189,1,female
335,3,57.07310879263461,0,0,34.476498373414934,0,male
336,1,57.44678441096238,0,0,97.25000789623803,1,male
337,3,12.808001668485037,0,0,36.65178138820296,0,female
338,1,17.02853644379989,1,0,92.89705741471141,0,male
339,3,50.788863014273915,4,0,46.36617845009455,0,male
340,1,15.184065288273079,2,0,75.77690286069182,1,male
341,3,11.484424133916495,0,0,30.536202190902323,0,male
342,3,23.193282170213344,0,0,35.94825149737167,1,male
343,3,35.8831739326442,0,1,47.65192141102386,1,female
344,3,28.56644610744465,1,0,38.329126874282885,0,male
345,3,20.892109314321708,1,0,31.011787336175026,0,male
346,3,20.561025535856874,1,1,38.29685048548046,0,female
347,2,20.027281098222076,2,0,55.417918317083554,0,male
348,3,17.686865198774804,0,0,40.73127577606909,1,female
349,1,61.94286028186487,1,0,88.80423631552912,0,male
350,3,34.16515499659777,1,3,53.66683342969279,0,male
351,1,42.41462676166634,0,0,79.29926989786915,1,male
352,3,23.15291544633507,2,0,41.4714169532886,0,female
353,3,27.396606519395316,0,0,43.86755934330929,0,male
354,3,20.01024426081503,4,0,60.61685880766022,0,female
355,3,0.42,1,0,27.865592219538485,0,male
356,3,10.707870124129872,0,0,30.571892862434552,0,male
357,3,4.651338480274475,0,2,34.60270539489854,0,male
358,3,,0,1,7.764755746847641,0,male
359,3,13.26497435982656,1,0,25.4046212248536,0,male
360,3,48.549379511342835,1,0,37.542300656493836,0,male
361,1,29.377893652139036,0,2,87.5537922353464,0,male
362,1,48.06789267249644,1,0,101.18700441951783,1,female
363,1,35.753756076612255,0,0,94.39892191507519,0,male
364,3,40.95582356001223,0,2,36.23775392343708,0,male
365,2,17.387442065735947,0,0,34.146877940877474,0,male
366,3,37.33531335869739,0,1,37.86577693855964,1,male
367,3,40.20199927704084,0,0,30.08397988968037,0,male
368,2,21.9269379087283,0,0,42.04053267973402,0,male
369,3,37.83356518862633,0,1,33.00751169173599,0,male
370,3,37.92662862004766,0,0,58.2903633597617,0,female
371,2,22.30626330417884,1,0,29.420305407643262,1,male
372,2,14.28124194820607,0,0,39.03551506716974,0,male
373,2,13.422203353424187,2,0,57.98381829782649,0,female
374,1,31.211077586900466,0,0,78.43252169977283,0,male
375,1,34.57813816305041,0,0,92.38532738148382,1,male
376,3,18.904638373589197,0,0,44.008423852462165,0,female
377,2,30.37219477856538,0,0,52.17379226887648,1,female
378,2,37.987518505938795,0,0,51.53273773314127,0,female
379,3,38.654670005314216,0,1,34.56921249361063,0,male
380,3,51.726321681714836,0,0,33.58732168974141,1,male
381,3,47.8777316507726,0,0,41.221342189276456,1,female
382,3,15.981919941408382,0,0,35.55996184574353,0,female
383,3,53.57020693353232,0,0,36.721792223435656,0,male
384,2,,1,0,53.41064585905592,0,male
385,3,44.62821937436199,0,0,23.518818392032355,0,male
386,3,,3,0,34.904127387508765,0,male
387,3,24.229908701602454,1,2,34.313008736038846,0,female
388,1,4.69224396315094,3,1,102.63501579733344,0,male
389,3,27.598096856971125,1,0,36.80896754073604,0,male
390,3,8.168634705721473,0,1,34.93410199998705,0,male
391,1,43.542189301798814,0,1,78.09534248836208,0,male
392,3,51.23509719994947,0,0,48.631516229700196,0,male
393,3,18.843246149846337,1,0,28.622346323980757,0,male
394,1,,0,0,86.47978501618051,0,male
395,3,19.844518691888346,0,0,44.478421755876894,1,female
396,3,21.201213778084945,2,0,29.951010687010836,1,male
397,2,40.8429258541152,0,0,41.75584401001594,0,male
398,3,29.460464334192224,0,0,32.51911051360249,0,male
399,2,54.35507258703416,1,1,78.01304549177277,0,male
400,2,23.248745298159108,0,1,48.89630973754006,1,male
401,3,43.990708654642845,0,0,46.11616216990884,0,male
402,3,31.36378778140895,1,0,45.01661999541365,0,male
403,1,41.14089213641927,0,0,89.11521411241904,0,male
404,3,23.739792797380744,0,0,30.314069413228346,0,female
405,3,29.306176274277842,0,2,45.54062199435422,0,male
406,2,28.383015689814915,0,1,35.27256962028786,0,male
407,3,18.295200392158982,0,2,48.217947714907254,0,male
408,1,39.26914148414454,2,1,98.49041368836772,0,male
409,3,39.1034860780971,2,2,25.330401199995826,0,male
410,3,38.30976572867793,0,0,29.68908276571365,0,male
411,3,51.51751915484702,0,0,39.62587710727725,0,male
412,1,50.29082721730825,0,0,85.6474330982781,0,male
413,3,24.750774342112106,1,0,48.099329305932066,1,female
414,1,35.2227324580785,0,0,86.48321652701341,1,female
415,2,21.269590350385023,0,0,40.74257957025689,0,female
416,1,30.326974425603776,0,2,89.97748293945973,0,male
417,3,21.603507712335894,4,0,46.159718161836366,0,male
418,1,52.68098432790472,0,2,91.11507284068713,0,male
419,3,35.09177410480148,1,1,48.74876195552443,0,male
420,3,26.94759220653809,0,0,23.90714649653492,0,male
421,1,46.71066000598928,2,0,97.51192385955719,0,male
422,1,0.42,0,0,80.60675976930901,0,male
423,1,1.8025636718859417,0,0,67.81665693369422,0,male
424,3,41.14174117307684,2,0,30.285686373280093,0,male
425,3,30.846558273643154,2,2,53.388938537702195,0,female
426,1,33.50624820365065,0,0,100.87553722004331,0,male
427,3,11.430454553540319,0,0,41.01539334488821,0,female
428,1,29.674728048094874,0,0,70.64613060605717,0,male
429,3,58.04913174561879,0,0,10.490131907554783,0,male
430,3,41.53879467714208,0,0,38.76191461227302,0,male
431,3,32.375891631999366,2,0,38.753342548040976,0,male
432,3,23.853245258530873,0,0,39.37478121152925,1,male
433,3,24.475980073828488,1,0,27.29232031204941,0,male
434,1,0.42,0,0,82.86469998286822,0,male
435,1,33.60696589289625,0,0,91.81043258815734,0,male
436,1,,0,0,82.69580542216003,0,male
437,3,7.941329419611389,0,0,32.44918151775985,1,female
438,3,20.740163507704576,0,0,29.979793841609478,0,male
439,3,13.79549514873209,0,0,33.07740171145911,0,male
440,3,16.48508327267731,2,0,37.02475712147298,0,male
441,1,30.748742775506603,1,0,96.40428211840188,0,male
442,3,0.8183698301613589,1,0,27.093940627054632,0,male
443,1,38.599786136998894,0,0,75.16280627684495,0,male
444,2,40.55397097907155,0,0,69.89889859176617,1,female
445,3,26.484563767483223,0,2,31.80228133944958,0,male
446,3,0.42,0,0,22.182129996924687,0,male
447,3,16.050139235966547,0,1,31.547760983484178,0,male
448,1,47.26062707743775,0,0,95.62654293884752,1,female
449,3,0.42,0,0,31.636197526760405,0,female
450,1,25.13467222929073,0,0,91.63072965880153,0,female
451,3,13.479989101458372,0,1,39.37056718046003,0,female
452,3,41.263984222187716,0,1,45.254818916161284,0,female
453,1,20.54840466999154,0,0,64.2223610286002,1,male
454,1,35.65535629029856,0,1,111.39531389960757,1,female
455,1,37.916445868367305,0,0,84.50916037197864,0,male
456,3,55.70716175622028,0,0,39.66772188567559,0,male
457,3,27.158812788544818,0,0,27.7156778526762,0,female
458,3,35.26462117471656,1,3,41.18835775288015,0,male
459,3,9.209223292215896,0,0,22.669523229935734,0,male
460,3,46.66578988611242,0,1,48.424325265651895,0,male
461,1,19.352876127000897,3,0,90.21642256436307,1,male
462,3,22.14944170277156,0,0,44.05372281760313,1,female
463,2,29.68853087211105,2,0,47.2499160094311,0,male
464,3,8.119619165242106,1,1,39.263658024221435,0,female
465,3,33.20278040500513,0,0,29.682682405811953,0,male
466,3,43.54452782095015,0,0,51.469106854443595,0,female
467,3,34.10107352896208,1,0,20.663006423770028,0,male
468,1,7.755434101497848,4,0,94.63800667302921,1,female
469,3,28.266669879384764,0,0,15.328225823055847,0,male
470,2,40.38840464171287,0,0,37.35824373816533,0,male
471,3,3.7081572764772908,0,0,20.730089848601402,0,male
472,1,14.953275806552004,0,0,69.3271413382597,0,male
473,1,42.27161045714128,1,0,84.46755959565384,1,male
474,2,33.78133607876201,0,2,42.949484564346974,1,female
475,2,35.767602149774554,1,0,49.22123053232473,1,female
476,2,56.032927306726364,1,3,79.00830229529055,0,female
477,3,36.55973889908684,0,2,41.37933206377851,0,male
478,3,39.21043214606451,0,0,34.04797286595657,0,male
479,2,67.95043738105656,1,0,54.17033715692557,0,female
480,2,27.00673618673313,1,0,43.76233075565217,1,female
481,1,18.82964130934107,1,0,77.71119759212691,0,male
482,3,35.989149575459855,0,0,39.719360487817525,1,female
483,2,,0,0,52.36729539953002,0,male
484,1,22.625984512753085,0,0,98.61283701399552,1,female
485,2,15.546441726232135,1,0,59.376865158801486,0,female
486,3,62.337821909261095,0,3,47.11688504051228,0,female
487,1,34.57580858543232,0,0,85.38276994704675,0,male
488,3,19.74800466037094,0,0,27.058127125424342,0,male
489,3,42.82302423191438,0,3,40.48060219349582,0,male
490,3,28.471967878141317,1,0,59.23448502406637,1,female
491,3,26.45965975155036,0,0,16.539613733370324,0,male
492,3,37.87182020680291,0,1,41.47002517030902,1,female
493,2,11.913648244756342,2,0,67.4810384942827,1,female
494,3,34.936780854840414,1,0,24.180051834624425,0,male
495,3,56.781367308244526,0,0,30.03389236077334,0,male
496,2,,0,2,55.24666511007324,1,female
497,3,24.733030547031497,3,0,40.59030347228951,0,male
498,2,22.900526074004613,1,0,34.66742163425095,0,male
499,3,24.25524037316847,0,0,35.06724120534626,0,male
500,3,26.444522507331065,0,0,35.96364330287148,0,male
501,3,24.710708541384193,0,0,42.44027554801788,1,female
502,3,42.82836017504393,0,0,26.127931298594604,0,male
503,3,5.735072555074236,1,1,35.219013876226164,0,male
504,3,42.068000705769876,0,0,25.781344855979448,0,male
505,3,24.684388648004145,0,0,27.708551677695187,0,male
506,2,35.27726899973521,1,0,66.51933376732731,1,male
507,3,14.222169257187907,2,0,45.5655550760149,1,female
508,3,48.60083493589211,1,0,28.4565792991531,0,male
509,1,47.43888944240622,0,0,88.55851614167224,0,male
510,1,43.43426736050103,0,0,83.70077269556867,1,female
511,3,8.79343313889045,0,0,18.39359849738014,0,male
512,1,41.60769499492474,0,0,77.9121691616484,0,male
513,2,35.66797122689992,0,0,41.79572006646952,0,male
514,2,7.526202540144052,0,0,48.62468234573522,0,male
515,1,,0,2,95.07616107821599,1,male
516,2,35.103482846465674,2,1,68.44948505294848,0,female
517,3,37.78505383352411,4,2,53.543028216970946,1,female
518,1,32.481659137283984,0,2,86.54173402710741,0,male
519,3,34.07723983586332,0,0,33.95426149711167,0,male
520,3,50.63055949154334,0,2,35.234690707290866,0,male
521,2,47.16447473874952,0,0,44.847739688403635,0,male
522,1,0.42,0,0,83.5938695402396,1,male
523,3,25.55586023227245,0,0,35.709864251897116,1,female
524,1,27.69488561438468,1,0,97.9627095549739,0,female
525,2,5.470619981822406,0,0,53.56242064542991,0,male
526,3,31.31856281525237,2,0,45.98958069705854,0,female
527,3,47.48260881374709,0,0,43.223760466482375,0,male
528,3,14.788049965731735,0,1,36.35983469998529,0,male
529,2,34.70961314165821,0,0,41.46850602335459,1,female
530,3,17.17847131784987,0,0,20.426341130235954,0,male
531,3,20.593231668484524,0,0,31.086884352380174,0,female
532,2,50.68351087838049,4,0,64.76384729629481,1,female
533,3,22.40419051843445,0,0,37.30497727557732,0,female
534,1,36.47097484614875,0,0,90.3877986115769,1,male
535,1,3.802946375146181,0,0,90.6117092899097,1,male
536,3,56.07244585952832,0,0,45.542934255396574,0,female
537,1,38.43713424829099,0,1,93.20013368881797,0,female
538,1,27.445002202896337,0,0,67.45882038139547,0,male
539,3,38.057651139998526,1,0,44.94003094100515,0,female
540,3,10.262527994730654,0,0,28.412207415436196,0,male
541,3,46.5554303845372,0,1,38.11341125265891,0,male
542,3,25.464213143049978,1,0,59.33622101975083,1,female
543,3,27.143026789321915,1,0,44.66289305460953,0,male
544,1,23.116821390483217,0,0,89.74801055457237,1,male
545,2,21.870880361561817,0,0,43.58401501366148,0,female
546,2,39.72538856279772,0,0,49.85485029084571,1,female
547,1,33.58269590145912,0,0,92.27864752979085,0,female
548,3,39.12447397964256,0,0,26.332080771530222,0,male
549,2,29.876874347202,1,0,60.48524735196125,0,female
550,3,37.18479735508053,0,0,35.099657063654384,1,male
551,1,24.136117585049462,1,0,78.91395529331987,0,male
552,1,61.216245779733676,0,2,104.75697053972904,1,male
553,3,8.048974169973022,1,0,40.6924954626335,1,female
554,1,47.653122529881784,1,0,85.31539920554425,1,female
555,1,,0,0,94.96186277975427,1,female
556,2,,0,1,47.96011815485549,0,male
557,3,61.209830547783625,0,0,43.63048014032013,0,male
558,3,43.93686396123445,1,2,40.557385035838905,0,male
559,3,,0,0,39.829564720572435,0,male
560,1,30.392310618362274,0,0,86.05598248691606,0,male
561,2,26.95883378493853,0,0,33.52338819544014,0,male
562,3,27.068276421445486,1,0,31.40557394202338,0,female
563,3,35.46742834847324,0,1,51.967259880132445,1,female
564,3,49.616607850474544,0,1,54.677031271292,0,female
565,3,,4,0,50.13070036741343,1,male
566,3,17.239789276077936,0,2,47.218288827518585,0,male
567,1,41.541978873389716,1,0,98.6841756233413,1,male
568,2,42.89611044952709,0,0,51.90344640326683,0,male
569,3,39.16523339826901,0,0,25.250959766537648,0,male
570,2,40.43698469134976,2,0,67.91697771196121,0,male
571,3,,0,1,37.88812905100146,0,male
572,3,16.994151660171887,1,0,38.12907921879948,0,female
573,3,17.845291971029084,0,0,23.997300419878645,0,male
574,3,7.1035145215899895,0,0,29.78646409701602,1,male
575,3,33.317280561643294,0,0,18.295786072205523,0,male
576,3,28.83171703482769,0,0,36.58881042471372,0,male
577,3,23.840172136584076,0,0,22.614125969602064,0,male
578,3,0.42,0,0,29.69453153726096,1,male
579,2,12.537555424281635,0,0,37.707670614776966,0,male
580,3,45.691769119644334,0,0,31.40508233281569,0,male
581,3,20.695235999116164,0,0,31.715673084413574,1,female
582,1,35.04828348719578,0,0,83.96740707363296,1,male
583,2,10.530403980346414,1,1,63.69459696519079,0,male
584,3,50.14187675302924,0,2,51.26842519601018,0,male
585,3,27.983612759234532,0,0,33.7000402205155,0,male
586,1,34.060565550769496,1,2,94.90673070809581,1,male
587,2,62.560917086343586,1,0,68.13774708849462,0,female
588,1,51.230161408251654,0,0,96.72428736409819,1,male
589,1,25.708081301981192,0,0,77.21766513763694,0,male
590,3,21.69491741181497,0,0,29.3013933373813,0,male
591,2,25.442369838726556,0,1,32.24068963926434,0,male
592,2,37.1385754786715,1,0,58.555603203887884,1,male
593,3,28.526862120487806,4,0,63.465890046346686,0,male
594,1,,0,0,84.31064829247738,0,male
595,2,50.540537509926594,1,0,42.58099962726486,0,female
596,3,28.401061515110285,0,0,43.79795002654946,1,female
597,3,62.19424730252247,0,0,36.763090432852394,0,female
598,3,31.270395892530424,1,0,30.050430517230552,0,male
599,3,54.99445751914618,0,0,47.92844641286663,1,female
600,3,35.002471917948775,0,0,33.95347045846078,0,male
601,3,43.48144802549227,0,0,29.284013667781693,0,male
602,3,19.85544527875186,4,0,48.44813839766613,0,female
603,3,18.047370883776235,0,0,38.380460740999766,0,female
604,3,36.43588337020982,0,0,36.856324752099205,0,female
605,3,43.83974539451441,0,0,32.36873140701977,0,female
606,3,30.56359102800648,0,0,28.590699869040762,0,male
607,1,11.990493308828242,0,0,92.51531498236571,1,female
608,3,10.956382871949423,1,0,30.885296362902015,0,male
609,2,10.020090369392623,1,0,42.19494476942341,0,female
610,3,5.2532904188486675,2,0,51.36717720049828,0,female
611,3,31.532795032259227,1,2,19.48609442595888,0,male
612,3,,0,0,29.958337662026036,0,male
613,3,29.81217898305268,0,0,26.176905877693244,0,male
614,2,0.42,0,0,41.248431022971324,0,male
615,3,27.329353555316317,0,0,35.259364162386,0,male
616,3,27.7208140471435,2,2,61.838907239826476,1,female
617,2,59.343982503156155,1,0,47.20235838865614,0,male
618,1,9.600069219126212,3,0,106.13266908153679,1,female
619,1,24.530513563611258,0,3,94.24612413759338,0,male
620,3,53.8819375276239,0,0,21.056642294344464,0,male
621,3,36.299696778851676,0,0,47.3159432269673,0,male
622,3,37.88638302922995,0,0,28.839423103129562,1,female
623,3,31.604182118334293,0,0,34.76327216289453,0,male
624,3,34.619209541201705,0,0,34.97922765142891,0,male
625,2,40.88653342389951,0,0,48.33807427221755,1,male
626,3,18.66719153550127,2,2,47.510130339698996,0,female
627,1,42.2928201047148,0,2,98.96194422483124,0,male
628,3,,0,0,15.800420539662271,0,male
629,3,34.59715161964154,1,0,43.32960910022151,0,female
630,3,32.50237348600858,0,0,35.03102527714829,0,female
631,3,21.37189676531049,2,0,32.45406764492699,0,male
632,1,29.682406145440947,1,0,91.8823432214445,0,male
633,2,21.284437862682257,0,0,51.81249402115981,1,male
634,1,14.996181423935578,1,0,83.5033811188954,0,male
635,1,25.04939361740898,0,0,98.00285776201756,1,female
636,3,,1,0,33.24621585594297,1,male
637,3,34.519164497305475,1,0,28.702683667358414,0,male
638,3,13.898803081866912,1,0,30.687870383018197,0,male
639,3,39.967678321874715,0,1,33.26593128861495,0,male
640,3,13.459293048996518,0,0,23.11228132397257,0,male
641,3,22.071871181865912,1,1,48.40531077319322,0,female
642,1,21.255552284987495,3,0,97.0655023443862,0,male
643,1,48.552054204247746,0,1,85.55761054448182,1,female
644,3,34.624059238632285,0,0,26.648067590546646,0,female
645,3,27.03572676437848,0,0,34.119501306969475,0,male
646,1,36.982072174976125,1,2,89.02501939589014,0,male
647,3,,4,0,45.15789197807691,0,male
648,3,29.396129745027295,0,0,37.32353875329427,0,male
649,1,57.965198489266676,0,0,78.52715707414552,0,male
650,2,31.852851089637415,0,0,41.48562962683613,1,female
651,3,30.950784368370698,0,0,44.70473778108463,0,male
652,3,37.67379731499074,0,0,35.13030252761495,0,male
653,1,42.53847340640084,0,1,86.02684575757397,1,male
654,3,2.035466299541966,0,0,19.500462990427856,1,male
655,2,6.447429254925623,0,0,44.883587596980604,0,female
656,3,,0,0,22.08369968904109,0,male
657,2,19.991728133434865,0,1,61.066056612739956,0,female
658,3,48.3683536710788,1,0,39.70791048847792,0,female
659,2,25.587558541606867,0,0,52.58641048697116,0,male
660,2,2.9165697000163497,1,0,41.23245409684236,0,male
661,3,12.247805164184044,0,0,20.157035972355757,0,male
662,1,0.42,0,1,87.65258729588959,1,female
663,1,26.722242478039224,0,0,63.015002151694546,0,male
664,2,27.362622218298633,0,1,54.138244719352734,0,female
665,3,24.057522063053433,0,0,36.914341447083416,0,female
666,3,45.10430654641634,0,0,48.030254621012865,0,female
667,3,46.77927771123371,1,0,22.59311889948469,0,male
668,2,27.614562073014444,0,0,53.43711519786055,1,male
669,2,0.42,0,0,54.62779435998125,1,female
670,1,38.64194212689162,0,0,95.81263982862305,0,male
671,3,37.775043199120056,0,0,39.91115213850158,0,female
672,3,34.33148198219723,1,0,43.9275636368183,0,male
673,3,43.740716490313616,1,0,25.457821860958468,0,male
674,3,,0,0,42.42490818573475,1,female
675,2,58.12257540659194,0,0,42.54908421418923,1,male
676,3,16.56801145601385,0,0,15.940653725685255,1,male
677,3,,0,0,23.746910668473575,0,male
678,1,,1,0,85.00081895076613,0,male
679,2,16.976294378219286,1,0,47.95205049099207,0,female
680,1,51.2291610541547,0,0,90.6929624116896,0,male
681,1,26.3474024779881,0,0,69.48620993166607,0,male
682,1,41.75891647185917,0,0,69.24705712185198,0,male
683,3,33.31737544206945,0,0,50.64337245612569,1,female
684,3,28.530585815997583,0,0,38.17665557427778,0,male
685,2,49.093904549057655,0,0,46.96971099504819,1,female
686,2,,2,1,62.97901932046669,0,female
687,3,5.069666494111413,0,0,35.58317312239397,0,male
688,3,18.75463871267613,0,1,43.833467339892934,1,female
689,3,37.71668420182372,0,0,41.509954066408056,1,female
690,2,35.53712748907511,0,0,54.091801773862045,1,male
691,3,8.061184496703866,1,0,26.030144539562485,0,male
692,1,19.859204728285185,0,0,91.2283082985598,1,female
693,2,21.85590111116855,1,2,61.135596060336155,1,female
694,3,24.883425682400848,1,0,40.21708413765846,1,female
695,3,10.737209759578281,0,2,39.158804039237396,0,female
696,3,21.2028044863273,0,0,30.430033242243688,0,male
697,3,19.799453206366614,3,1,52.91184461550588,0,female
698,3,40.80146563666687,0,2,38.399465371890486,0,female
699,2,41.32769835386341,0,0,52.61352203228309,1,male
700,2,27.958653586756576,2,0,44.38271637588342,0,male
701,2,24.511442857809758,2,0,49.93084887229407,0,male
702,1,,0,0,90.43159727352173,1,female
703,3,18.567948495621952,0,2,38.316687842283685,0,male
704,2,13.944350849655827,0,0,33.13882110570971,1,female
705,3,16.836903075039963,1,0,40.319480647358326,1,male
706,3,21.112615704399605,0,0,24.417636241429292,0,male
707,3,13.711366802908206,0,0,38.48307804531933,0,male
708,2,32.26883382688025,1,2,51.0150056779028,0,male
709,3,40.21601943297192,3,0,52.30832089574037,0,female
710,3,7.780623788824617,1,0,47.14404855553775,0,male
711,3,,0,2,43.000731289870984,1,female
712,3,26.9208988662713,0,0,40.61560057399503,0,male
713,3,34.78112159751524,2,0,48.19619559081043,0,female
714,3,29.81885724654977,2,0,42.46284589599705,0,male
715,1,9.649610080957167,0,0,82.00711022743457,0,male
716,3,12.326549815999684,0,0,35.29846214946761,0,male
717,1,30.41193005818962,0,1,82.07753660590403,1,male
718,3,44.402932876437134,0,0,25.454718413978757,0,male
719,3,0.42,0,1,32.62105714365049,0,female
720,3,34.84017211722212,0,1,35.69037549484271,0,male
721,2,46.654708074027006,0,1,48.231655926701414,0,male
722,1,,1,0,93.86084467173636,1,male
723,3,37.70283494437017,0,0,42.759945506894354,0,male
724,1,20.15703286743077,0,0,83.21684823223454,0,female
725,1,28.328873210123724,0,0,78.37774064860709,0,male
726,2,7.307210743685879,0,0,37.60616626505005,0,female
727,1,0.42,0,0,104.30598392607283,0,female
728,3,43.19872121715385,0,0,35.58383084221436,0,male
729,3,16.210071011857814,0,0,32.936595878857965,0,male
730,2,23.622610169951972,0,0,32.821724445244406,0,male
731,1,10.589808454217295,2,0,89.57911135607759,1,male
732,1,10.260424156825739,0,0,85.61304749882854,1,male
733,2,27.56627219867537,2,1,61.11287930552591,1,female
734,1,19.78591928210095,2,0,99.5735328909263,0,male
735,3,35.29159397192578,1,1,57.45505476759817,0,male
736,1,36.33553786571429,0,1,88.87382806310553,0,female
737,2,34.4918950485445,0,0,36.9970862894681,0,male
738,2,33.34041107299821,0,0,45.979013136721115,1,female
739,2,52.08875486904641,1,0,64.66290651048888,0,male
740,1,15.053687233371596,0,0,90.59689562124322,1,male
741,1,29.23091187315915,3,0,103.3004142386247,1,female
742,3,45.85765748727424,0,0,41.8377926049648,0,female
743,1,47.70355733073251,1,1,95.62318459003612,1,female
744,3,10.09530890917598,0,2,41.30118026498853,0,male
745,3,25.62702381681782,0,1,38.47150564632091,1,female
746,2,49.013695342141645,0,0,45.27144198568125,0,male
747,2,37.113107472786915,0,0,50.437284293152096,0,male
748,3,32.73368244071682,0,3,39.07275952810842,1,male
749,3,26.952414291914806,0,0,28.829800862471117,0,male
750,2,,0,0,43.77861970024633,1,male
751,2,34.03506688326454,0,0,51.4681033428343,0,male
752,2,26.466762250217233,0,0,65.14195894140325,0,female
753,3,29.40389930537778,3,0,55.761141420441994,0,female
754,3,31.100381885610524,0,0,45.75823773850238,1,female
755,1,20.506998601091013,0,0,81.47721729335466,1,male
756,2,37.44981123434014,0,0,47.95508877980128,1,female
757,3,70.79942507781587,0,0,42.51847028621997,0,male
758,1,5.122187049434949,0,0,82.13825465421982,1,male
759,3,34.53617533865972,0,0,28.46606377746763,1,female
760,3,19.35733875933532,3,1,41.94571049316218,0,male
761,1,38.083636085269504,0,0,85.04936922493799,1,male
762,1,30.651804626590053,1,0,84.51410775776068,1,male
763,1,40.66596683659449,0,0,97.9537797818262,1,male
764,3,46.457092071122915,0,0,45.47394277255284,0,female
765,1,32.69389564875454,0,1,98.88948369042237,0,male
766,1,45.8487320377985,0,0,88.98471189888704,0,male
767,1,0.42,0,0,80.71410269140063,0,male
768,1,52.26633217082433,0,0,80.34716728474166,0,male
769,3,35.250870126492764,1,0,44.049733451213115,0,female
770,2,45.08980698043254,0,3,63.86790245246841,0,female
771,3,12.921739572218698,0,1,28.668016530225607,0,female
772,3,18.3692216575253,0,2,39.1058301571323,0,female
773,3,32.04313611802684,0,1,31.88687629623979,0,male
774,1,29.761469549275517,0,0,95.7720567848371,1,female
775,3,,0,1,38.4519115973733,0,male
776,3,45.183212253019526,4,0,44.79360064889796,0,male
777,1,5.286915585760113,0,1,95.5439941581991,1,female
778,3,43.63346700404233,0,0,31.755055282484882,1,male
779,3,30.11594673941098,1,0,20.22709847873866,1,female
780,2,27.14705394425633,1,0,52.194441836026115,0,female
781,3,9.404386718611534,0,1,47.70923379559743,0,female
782,3,37.04268135727611,0,0,18.768622817236647,0,male
783,3,0.42,1,0,31.631196269990987,0,male
784,3,39.077516157341975,1,0,57.21038380375026,0,female
785,2,9.110518303378115,0,2,41.281674121422874,0,male
786,3,30.748410776644636,2,0,39.296120926584855,0,male
787,2,,0,0,41.817615383787995,0,female
788,3,46.37353406211437,1,0,58.6405459092924,0,female
789,3,27.498827633805536,0,0,38.12482979576458,0,female
790,1,20.28206014396068,0,0,83.41532376394625,0,male
791,2,22.907562256403157,0,0,54.27053806250545,0,male
792,2,47.82035876256529,0,1,55.464880971548645,0,male
793,1,37.50815756853251,0,1,81.62119377530595,0,male
794,1,24.60118025867574,0,2,84.51195364610284,0,male
795,2,26.68975012049681,0,0,47.96291295426091,0,male
796,1,,0,0,76.21595966926705,0,male
797,1,35.43863881192157,1,0,72.37784932482403,0,male
798,3,5.362580092263482,2,1,38.04512729139356,0,male
799,3,40.52515052169639,0,0,20.903737955922654,0,male
800,3,31.800702294877723,0,0,44.36702603940813,0,male
801,2,63.417325194034916,0,0,58.92689988121046,1,female
802,3,14.598102247859718,2,0,29.61498154989702,0,male
803,3,28.562730725431138,0,0,33.36201695818171,0,female
804,1,55.17602781292288,0,0,73.16122346894707,0,male
805,1,46.6794549640798,2,0,86.20622315036795,1,male
806,3,20.253031277881405,3,0,49.835206978674464,0,male
807,1,33.13554399722827,0,0,102.82462076352337,0,male
808,3,30.027990989811222,0,1,39.982037420730016,0,male
809,3,33.9473821435182,0,0,39.02243367922617,0,female
810,1,20.218473896212384,1,0,91.57709607920053,1,female
811,1,28.749514362189718,0,1,79.66046064571756,0,male
812,3,,0,0,44.28888387330349,0,male
813,3,31.89172832615315,0,0,37.94043630067464,1,female
814,1,36.300289427905646,0,0,102.37008205468588,0,male
815,3,26.816128222985625,0,1,44.837241976995,1,male
816,3,7.389287531812972,0,0,21.84868834566842,0,female
817,3,43.83944607992048,2,0,35.9149644125804,0,male
818,3,35.10335053189923,1,0,38.579808253060975,1,female
819,2,19.835788632186322,0,0,42.33659738198203,0,male
820,1,26.071593744267105,1,0,87.42822503673004,0,male
821,3,8.990628361054256,0,0,51.98517368400995,0,male
822,2,15.644258211109339,0,0,41.72881573586833,1,female
823,3,22.47064115100005,0,1,34.86902232463179,0,male
824,3,47.19789137192212,1,0,50.67841231219741,1,female
825,1,21.046952527575343,1,0,95.14446684338273,1,female
826,3,38.962991230602626,2,2,55.39255997350792,0,female
827,1,22.463573159937884,1,0,79.01106481953798,1,male
828,3,,3,3,53.53924610127706,0,male
829,2,28.02046296998677,0,2,54.29426141489299,1,male
830,3,42.222792401298406,2,2,49.620890201030456,0,male
831,3,22.51264126494019,0,0,42.60517008770443,1,female
832,2,,0,0,52.49855388008473,0,male
833,3,10.652713560909142,0,0,43.760306036117775,1,female
834,3,22.553715084801397,0,0,30.620080837366373,0,male
835,3,12.513160410507261,0,1,22.169573913176535,0,male
836,3,35.74296821951372,0,0,27.22806970190477,0,male
837,3,23.47924569198691,0,1,39.43150430512539,0,female
838,2,63.24449170037004,0,0,51.505440405787084,0,male
839,3,,2,0,31.690803924883525,0,male
840,1,32.85086450193722,0,0,85.44176408181576,1,female
841,3,14.208657670920635,0,0,19.292375804342065,0,male
842,3,23.0923812346425,0,0,16.921101779418795,0,male
843,2,31.97987262676762,0,0,42.91737526381859,0,male
844,1,0.42,0,1,71.30567646343756,1,male
845,3,33.315565635032385,1,0,27.65979603866239,0,male
846,2,56.64070447183835,0,0,45.34489068802133,1,male
847,3,23.6518638228397,1,0,23.52710776496116,0,male
848,1,33.637309995277135,1,0,92.08361400728116,1,male
849,3,44.34890370375559,0,0,39.2407867310755,0,male
850,1,27.704650999622046,1,0,83.76028149174012,0,male
851,1,21.866557360559234,0,1,82.78376514320387,0,male
852,3,0.42,2,0,39.029104827779285,0,male
853,3,38.973870071529625,1,0,30.800786399518675,0,male
854,1,28.415642263795437,1,0,82.00047504679095,1,male
855,3,15.822426080565736,0,0,38.61201840424185,0,male
856,3,31.77235394388771,1,1,53.50602166795212,1,female
857,3,,4,0,58.75333793612504,0,female
858,2,22.60203416438264,0,1,53.79546209581014,0,male
859,3,,1,0,20.621648291556056,0,male
860,3,11.262646241466179,1,0,43.18674797723145,0,male
861,3,44.662414005032616,0,0,44.502525700091496,0,female
862,3,10.43239371634235,2,0,44.3177767961639,0,male
863,3,20.722180283026304,0,3,41.872287942051514,1,male
864,1,56.92124671693208,0,0,88.92958560498107,0,male
865,3,45.782966662993914,0,1,34.33163796721932,0,male
866,3,31.366455894936163,0,1,37.30879006599673,0,male
867,3,16.83257698298297,1,0,38.69756994287769,0,female
868,1,22.590187706201494,0,0,98.33153695645112,0,female
869,1,31.025854404199748,0,0,71.96222500421236,0,male
870,3,30.525325252754378,0,0,26.912858560225605,0,male
871,1,,0,1,103.66775703559865,0,male
872,3,29.568344802821418,1,0,30.093274678510742,0,male
873,2,26.998748464128404,2,2,56.14034248511143,0,male
874,3,9.812297701039821,0,0,21.07786385502203,0,male
875,3,22.76884960974834,0,0,40.768759491215505,0,female
876,2,42.80473675581585,0,0,48.53059139223482,0,female
877,2,10.843319834284355,0,0,48.141610496686255,0,female
878,3,,0,1,48.55953238071475,1,female
879,3,18.523444997208184,0,0,23.85507606572937,0,male
880,2,31.55890601157356,0,2,57.042724855857806,0,male
881,3,24.559135465064546,0,1,39.9283715109092,0,male
882,3,50.68351130964537,0,1,45.70884212086782,0,male
883,3,37.09216415866355,0,0,33.35481924981052,1,male
884,1,11.634755679119042,1,1,122.67528596768214,1,female
885,2,39.39719216259178,1,0,58.34584839672542,0,male
886,2,19.154874012331117,0,1,48.47225209710428,0,male
887,1,21.92205080071453,1,0,80.28091230745329,1,male
888,1,34.393466281499705,1,0,96.38254693523183,0,female
889,3,23.115536123778114,0,0,41.544612900433656,1,male
890,2,42.49998142852137,0,0,60.05127413928835,1,male
